fips,pm25
1001,8.884350461254877
1003,8.077343803136959
1005,8.466893338965509
1007,9.080983315700598
1009,8.77765736057436
1011,8.678887529585117
1013,8.361733110912628
1015,9.361863122133586
1017,8.669867493392582
1019,9.342829385971957
1021,8.869700382446968
1023,8.378833756241388
1025,8.43125920422154
1027,8.400059386508985
1029,8.432365971497797
1031,8.451058527680358
1033,8.763165549564258
1035,8.15687309256663
1037,8.819948655297926
1039,8.106986413746482
1041,8.281273965573696
1043,8.725786924741024
1045,8.372634574680887
1047,9.038992504049553
1049,7.906183079874242
1051,9.065184494372136
1053,8.279832594098412
1055,9.228482609958428
1057,8.495265646996252
1059,7.674528914060812
1061,8.115937981262197
1063,8.772825287340977
1065,8.912944279464023
1067,8.188550615921388
1069,8.441437964227848
1071,8.26406485168452
1073,10.17099697716744
1075,8.236867799119072
1077,8.651698814515644
1079,8.468902822949664
1081,9.03751505432829
1083,8.81806131219463
1085,8.784304399966704
1087,9.024235430715146
1089,9.286004975895704
1091,8.636166242021089
1093,8.005256074366397
1095,8.702263247096717
1097,8.6211663079541
1099,8.318437826172214
1101,9.759098136231781
1103,8.912556145870125
1105,8.842219164790176
1107,8.425484978763587
1109,8.330576448519254
1111,8.571652952791842
1113,9.057001794624114
1115,9.14437911548609
1117,9.576157768161146
1119,8.598479740387784
1121,9.453172158574693
1123,8.818230896496162
1125,9.45139295558327
1127,9.245689239463228
1129,8.394749081438812
1131,8.675654522168893
1133,8.310967331670827
4001,2.882283621111072
4003,4.460354175819504
4005,3.5050128031377716
4007,4.374777866955568
4009,4.761717115940174
4011,3.8342414036228805
4012,9.886179447070786
4013,8.403380515427923
4015,7.225389732870816
4017,3.4157318380351605
4019,6.29999278288785
4021,5.038945805138853
4023,3.788136784576408
4025,4.425036215313476
4027,11.70694541865028
5001,8.418302173456272
5003,7.958987645118624
5005,6.1663676313024505
5007,6.976964648060433
5009,6.057671480603337
5011,7.380702411135464
5013,7.304862018973557
5015,5.894401036487572
5017,8.309296716308639
5019,7.327001301375345
5021,9.062968837257419
5023,6.7108261452936375
5025,7.463827160342601
5027,7.361215420299908
5029,7.223470708184668
5031,9.432271647058531
5033,6.90511218622169
5035,9.335625735792572
5037,9.043101981562263
5039,7.171265789968707
5041,8.359098385957157
5043,7.997592914647503
5045,7.90259335685347
5047,7.1837103660502235
5049,6.036602459958855
5051,7.074421254093551
5053,7.378456870621456
5055,9.345868441153144
5057,7.042354423605668
5059,7.168400868401855
5061,6.800257563812901
5063,7.465770546415923
5065,6.18134422418065
5067,8.732200402541475
5069,8.424796053659309
5071,6.566828929383696
5073,7.052525812182286
5075,8.156204585651517
5077,8.641551326894355
5079,8.104374423260776
5081,7.106653590167601
5083,6.912581072117457
5085,8.252478298065942
5087,5.507701248931999
5089,5.922083756750348
5091,7.0217439647142355
5093,9.13414962760733
5095,9.06156195445986
5097,6.307333718110987
5099,6.918472090262412
5101,5.54798874029858
5103,7.356832549877678
5105,7.072975456347376
5107,8.565829390141287
5109,6.661663452102518
5111,9.169251268434968
5113,6.2425690587829
5115,7.177323508151078
5117,8.592763349929077
5119,9.012563079618173
5121,7.897877407128581
5123,8.940674606680032
5125,7.694614534156028
5127,6.271387769716114
5129,5.718845820172097
5131,8.087987495655062
5133,6.896481218394745
5135,6.654624884052268
5137,5.96976545514412
5139,7.5887663302475845
5141,6.289376973436574
5143,6.793275464857059
5145,8.26066136591761
5147,8.84743545562065
5149,6.907505621154217
6001,8.466594217484069
6003,2.972970476999494
6005,6.015318594236326
6007,7.1249631862565055
6009,6.622641019564173
6011,6.994977101384558
6013,7.462668789507494
6015,4.361135164695856
6017,5.1297875136153746
6019,13.87858596786558
6021,6.753883523266522
6023,3.94612849585752
6025,10.648927241919386
6027,6.5208268942350545
6029,10.779679116691256
6031,12.58446485517778
6033,2.934495257563686
6035,4.103897203943686
6037,13.07460428445406
6039,10.034480600101208
6041,6.1256233591786
6043,7.689064614398023
6045,3.1549439610985237
6047,11.59946653584162
6049,3.847573909719858
6051,4.096131487329094
6053,5.8996765866744525
6055,5.11692920243077
6057,4.741507012419288
6059,13.24225469479154
6061,5.891320958303876
6063,3.5243288069905683
6065,10.307631909140763
6067,9.905839158123522
6069,6.24064380210627
6071,9.843814934832318
6073,9.680855570531884
6075,8.396524725078331
6077,9.7959025924218
6079,7.057295386770013
6081,7.716405961755134
6083,7.928218375017288
6085,8.503825433225622
6087,6.38493634990757
6089,5.808030849523374
6091,3.5362438952463022
6093,3.865629496083448
6095,7.885062524479894
6097,5.430981430579582
6099,11.205372958884494
6101,8.556979948799812
6103,5.890091628877066
6105,2.7765245095933238
6107,13.48796606576314
6109,6.621935275830708
6111,10.34649239884579
6113,7.6259017693182205
6115,6.66489893926923
8001,6.144806783988734
8003,4.2559366720146885
8005,6.608193361135898
8007,3.406497155120256
8009,4.574239806515682
8011,5.432444863814135
8013,5.818573327390056
8014,6.409351834544433
8015,3.222095264048142
8017,4.485960655096478
8019,2.243572775852408
8021,3.602880694490912
8023,3.100672482647614
8025,5.0576205248543955
8027,2.094212382453796
8029,4.478125843895564
8031,7.494047689063514
8033,2.398878552764704
8035,4.653327774666712
8037,4.227760845707796
8039,3.197431345240634
8041,4.868446255567806
8043,4.814161909047162
8045,4.695402961289362
8047,2.662586504082672
8049,2.764644400891078
8051,2.915398602260398
8053,1.7421352845904405
8055,3.025023695499754
8057,3.2838398238002617
8059,6.065598159882082
8061,4.8156901283625215
8063,3.862341441691986
8065,2.173206391576914
8067,3.0211325616508
8069,4.967827595929948
8071,4.204703319996794
8073,3.8458939245866484
8075,3.821789045899822
8077,5.0090505856137835
8079,1.875103013803706
8081,4.088736333581442
8083,2.6664281731323602
8085,3.877269833689754
8087,3.9887999948950466
8089,6.090766285953296
8091,2.151387207317552
8093,2.422843342340832
8095,3.36494901208106
8097,3.7224099166800215
8099,5.320768933934698
8101,5.765339936244558
8103,3.3728090010276603
8105,3.477327155673972
8107,4.13720296291887
8109,2.906644100280376
8111,1.4695031455501961
8113,2.38532991966184
8115,3.5196198825171443
8117,2.72433816480921
8119,2.0730756844586677
8121,3.565607323240914
8123,4.623431140477238
8125,3.7591825452221257
9001,7.701043533420441
9003,7.7095512916577675
9005,5.79660654916265
9007,6.6557430914188105
9009,7.610973087554916
9011,6.481479881655799
9013,5.941663654687782
9015,5.685754314006826
10001,9.191238095870107
10003,10.30423630040102
10005,9.062842780766246
11001,9.710551890459502
12001,7.144385260300505
12003,6.965015690584364
12005,8.661695851281117
12007,6.820075739609749
12009,6.790707110071388
12011,7.384858638157664
12013,7.981978906525091
12015,7.254728352511037
12017,7.300484927878692
12019,6.7667105570621215
12021,7.078643626741789
12023,7.2346423444673436
12027,7.074727616509762
12029,7.42717220899339
12031,7.264707819167194
12033,8.64928658105402
12035,6.818249789926725
12037,8.103759170576282
12039,7.89335986971008
12041,7.187519230439276
12043,6.820577727105883
12045,8.144307880206325
12047,7.515148252016232
12049,7.011103132893668
12051,6.821879846409527
12053,7.345321304297409
12055,6.747993000149042
12057,8.321312892243164
12059,8.122829749861845
12061,6.681993000123318
12063,8.062583737854087
12065,7.85909113372696
12067,7.45523155965858
12069,6.969312342897426
12071,7.1564560307919365
12073,8.595650650597822
12075,7.2951813740557725
12077,8.090652806268107
12079,7.7842442116747765
12081,8.095815085149084
12083,6.899968267275712
12085,7.004557365967393
12086,7.352585422380254
12087,6.33369334517579
12089,7.031297085654138
12091,8.411065713339463
12093,6.699966159998363
12095,7.304214550226836
12097,7.038048084214802
12099,7.0324485414548175
12101,7.75146496989499
12103,8.64574236105123
12105,7.364054720043832
12107,6.737226306999512
12109,6.725228921091327
12111,6.72248175359483
12113,8.222556351821169
12115,7.857611420938826
12117,7.1781125712654275
12119,6.952200985985908
12121,7.393296556052301
12123,7.738489800171907
12125,6.92425940543134
12127,6.934946707014097
12129,8.012811435195047
12131,8.04863557345422
12133,8.150691870039724
13001,8.138451403141914
13003,7.858354012607117
13005,7.81125769384961
13007,8.202521255528028
13009,8.99559183522786
13011,8.318813900657334
13013,9.005031264457097
13015,9.71398926025818
13017,8.032791405411514
13019,7.9704610533180205
13021,9.516660046280268
13023,8.24656157887417
13025,7.466155922714906
13027,7.890721440446649
13029,7.896344313143667
13031,8.287033696823311
13033,8.017800458652498
13035,8.8543286695825
13037,8.145980929950701
13039,7.233797062330062
13043,8.00379789611835
13045,8.864081390931624
13047,9.499012968221598
13049,7.1790576088176605
13051,8.755924507518447
13053,8.633614892368424
13055,8.534156807466804
13057,9.503495728113945
13059,9.064867800240032
13061,8.197869935500712
13063,10.224443033319288
13065,7.4709480424626635
13067,10.141721686685853
13069,8.03243331813858
13071,7.978574186792097
13073,8.535895386750399
13075,7.9794597195935495
13077,9.222545574083727
13079,8.379578131317858
13081,8.678399682001869
13083,7.7773039313434165
13085,7.707431512538946
13087,8.218259868777313
13089,10.104462286006349
13091,8.06022060926167
13093,8.315684876208715
13095,8.745656279335227
13097,9.96355342049362
13099,8.25044466503447
13101,7.503598321796998
13103,8.000373508471352
13105,8.119422329698912
13107,8.014238387547007
13109,8.101885654950522
13111,6.447203028803097
13113,9.738180992655785
13115,9.721227865113189
13117,9.215838055736542
13119,8.270932275037435
13121,10.220915241020183
13123,6.362828129575656
13125,8.037046386066471
13127,7.70059619320556
13129,9.700465771791263
13131,7.87087305447785
13133,8.24041286305681
13135,9.935020977500274
13137,7.339373061956422
13139,8.779434337770844
13141,8.162419833797392
13143,8.313565933094253
13145,8.401652177599589
13147,8.149709176817769
13149,8.788884449552976
13151,9.584495905726836
13153,8.922590484562882
13155,8.024553922043529
13157,8.835093976592017
13159,8.69281298748417
13161,7.934700474992605
13163,8.04719090431807
13165,7.9643366192460405
13167,8.012680215810423
13169,8.475121813349986
13171,8.358405898499322
13173,7.712262585152568
13175,8.322899047377925
13177,8.13533257074931
13179,7.90715930782154
13181,8.151186678415648
13183,7.77033769915612
13185,8.233174232203933
13187,7.5026072956904954
13189,8.10453970574828
13191,7.727932792534252
13193,8.358275330337992
13195,8.28111474377052
13197,8.062531931307081
13199,8.36115447260745
13201,8.399174026108014
13205,8.002812229598254
13207,8.609587177723077
13209,8.040227314892542
13211,8.605478588160496
13213,8.645002955050964
13215,9.73022076736403
13217,9.41965783643094
13219,8.545402364462495
13221,8.233106862138648
13223,9.625798863287105
13225,8.463828046062186
13227,8.017440666673261
13229,7.725548884380112
13231,8.380927141805705
13233,8.897025940911897
13235,8.34171740760643
13237,8.604464281153065
13239,8.390871764096223
13241,6.273188008142698
13243,8.07967623743242
13245,9.000536784097395
13247,9.829016972309862
13249,8.053106864977257
13251,7.961775612052226
13253,8.362484762482268
13255,8.819707340631595
13257,8.272516150304016
13259,8.40159853772949
13261,8.103052855238733
13263,8.372952194240437
13265,8.00806223930328
13267,7.956949800198589
13269,8.262846894127282
13271,8.10424741151392
13273,8.015544073546707
13275,7.93859134749871
13277,8.030781232897336
13279,8.316491763913072
13281,6.08643592124774
13283,8.059447385712534
13285,8.74402450156802
13287,7.973960618390447
13289,8.464544387070719
13291,6.240480265427866
13293,8.312355067610259
13295,8.749592552679152
13297,8.908503936949298
13299,7.851990137547946
13301,7.930107516244263
13303,8.203193211570152
13305,7.848909707459265
13307,8.049733874939221
13309,8.117460570550145
13311,6.468227832758155
13313,9.472484605946883
13315,8.111676026279
13317,8.074291355637879
13319,8.470687380068997
13321,7.9764397742086315
16001,8.16119678774384
16003,4.19059042182671
16005,5.739003593896802
16007,4.374572106890668
16009,4.0203091842828345
16011,5.452371635572962
16013,4.68345424414999
16015,3.650030297414274
16017,5.066391776057752
16019,5.223629527844492
16021,4.538894618962621
16023,5.120460048701614
16025,3.567179300336322
16027,7.244669437847182
16029,4.3654009260092455
16031,4.421450086414064
16033,4.117531153497274
16035,4.743595789496108
16037,3.5443443953731304
16039,5.552213300988407
16041,4.864375423525738
16043,5.667691610117974
16045,5.660757158025616
16047,6.07236325874184
16049,4.610082916815214
16051,6.205587111174266
16053,5.762290007928912
16055,5.107290716788134
16057,4.170966883550937
16059,5.62312957434283
16061,3.221876981768408
16063,5.006847822138134
16065,6.433100871660736
16067,5.466135023373002
16069,4.889180369167714
16071,3.9598609702074263
16073,5.178319137398214
16075,6.464720012370679
16077,4.02676945105822
16079,4.138875404605076
16081,4.501262669215808
16083,5.583296549308754
16085,3.5222071316979777
16087,4.541983988728458
17001,7.001806542261152
17003,8.701065048528044
17005,8.203387707886698
17007,7.798612987757252
17009,6.741057327639074
17011,7.974422247334748
17013,6.810294373298076
17015,8.22130363493966
17017,7.204758966144183
17019,8.439726437316349
17021,7.673163906045019
17023,9.153762909901795
17025,8.95748911929822
17027,8.337744801513853
17029,8.38697408853414
17031,10.960360888075453
17033,9.410328838061337
17035,8.708969567064232
17037,8.044078083728081
17039,7.452116486020752
17041,8.392857035303614
17043,10.351718139667568
17045,8.786190520909685
17047,9.51801353502914
17049,8.567450940992467
17051,8.381379331949315
17053,7.74505444850318
17055,8.828558305128642
17057,7.182499958101069
17059,9.235771744882932
17061,7.056911105851315
17063,8.384319256103122
17065,9.168557539474559
17067,7.022527518060296
17069,8.390290610582609
17071,7.575260462253278
17073,8.126037013018635
17075,8.22699846005674
17077,8.243711053541894
17079,9.158933158124327
17081,8.565053939146065
17083,7.15277771337001
17085,7.694400897201763
17087,8.026087039328313
17089,9.254417875472576
17091,8.374552542868663
17093,8.64398568013873
17095,7.691956737484221
17097,9.663700463913308
17099,8.004049945514708
17101,9.383121211634691
17103,7.950173209847804
17105,7.657535742527806
17107,7.7098674115771555
17109,7.1430868238731104
17111,8.348258795061813
17113,7.734924735340651
17115,8.113895359451435
17117,7.38415173649918
17119,8.368847953909064
17121,8.518154574147612
17123,7.50254684010641
17125,7.395535401525114
17127,8.747743643374273
17129,7.391793488344048
17131,8.193652583843168
17133,7.784997122315144
17135,7.7914151967369865
17137,7.357974206413928
17139,7.983956095332668
17141,8.023447386043015
17143,8.841652864760286
17145,8.222732032135262
17147,7.796440476537656
17149,6.7654593772870415
17151,8.070680178719787
17153,8.75495903220895
17155,7.762411319589894
17157,8.03153597159476
17159,9.341955598466292
17161,9.21080501691834
17163,8.971378923725108
17165,9.086905797145674
17167,8.968062407673813
17169,6.886429012002106
17171,7.054413610723017
17173,8.101865537636623
17175,7.659445849147007
17177,7.9402009484683465
17179,7.758215345528694
17181,7.912738891323405
17183,8.595424927068843
17185,9.400822133807035
17187,7.585482197422182
17189,8.35007704640817
17191,9.227357635489097
17193,9.552923190425997
17195,8.557254524223394
17197,9.587367745122624
17199,8.950559757373977
17201,8.908691993663405
17203,7.341414779526803
18001,9.175063604287269
18003,10.273402075092951
18005,10.032528834377022
18007,8.670246340834185
18009,9.435869408108912
18011,9.890443808392902
18013,8.580404007199931
18015,9.83232116061166
18017,9.606961827009386
18019,9.785554794331164
18021,9.529988491729437
18023,9.884891885419847
18025,8.433226775880431
18027,9.58679089222928
18029,9.084348574064395
18031,9.285916834415573
18033,8.410006359113043
18035,10.026022499052502
18037,9.076105187752688
18039,9.124949839664943
18041,9.305785357536937
18043,8.883500645434639
18045,9.517869799599332
18047,9.325775429919535
18049,8.998780113606903
18051,9.66343104479463
18053,9.614414957308762
18055,9.001161519465429
18057,10.439479086818794
18059,10.027197265498103
18061,8.546909012517997
18063,10.006790523698921
18065,9.246510271263556
18067,10.25302873615814
18069,9.188138073131595
18071,9.093849202209482
18073,8.504871921940325
18075,9.29097931036412
18077,8.701097568891479
18079,9.477139602087679
18081,10.029823440169583
18083,9.572048272038066
18085,8.843383119112058
18087,8.013313244690064
18089,10.702921332465923
18091,8.796255794239018
18093,8.584076856718081
18095,10.411623135362063
18097,11.69536016507502
18099,8.54247353219965
18101,8.767641358115117
18103,9.775321072445664
18105,8.771938543807636
18107,9.705488384099743
18109,9.569799342414049
18111,8.459962960098435
18113,8.251590164906471
18115,9.04717141038121
18117,8.286094850148867
18119,8.764034442861398
18121,9.218466697670722
18123,8.757006077745519
18125,9.290767743870617
18127,9.302628859155586
18129,9.518919068517256
18131,8.746561284648413
18133,9.204574665750847
18135,9.013021321671546
18137,8.639118502516688
18139,9.48425980448249
18141,9.997696963556628
18143,9.1311974772018
18145,10.070772609889394
18147,9.372415158307358
18149,8.332466222391949
18151,7.939470408882661
18153,9.581944027697173
18155,8.736858013722667
18157,10.207669723676506
18159,9.946124632754918
18161,9.667237209191807
18163,11.17114608676958
18165,9.192292865772755
18167,9.98288157965609
18169,9.509720042230217
18171,8.82423817009499
18173,9.650628821908388
18175,8.27062772663826
18177,9.468266910767822
18179,9.084544460459124
18181,9.10514123270158
18183,8.601741414077654
19001,6.867032428197604
19003,6.826754373566962
19005,6.570709262153348
19007,6.302423166844648
19009,7.339543593180155
19011,8.15376039860794
19013,8.15527459570895
19015,7.085458053523544
19017,7.359035149797234
19019,7.818466809503688
19021,6.930860097124942
19023,7.3686896834112945
19025,6.516465380998724
19027,7.259842502702713
19029,7.3879428441797845
19031,8.65289251386871
19033,6.648260042562649
19035,7.851320415600698
19037,7.044653365291801
19039,6.15420271673257
19041,6.9885972014867335
19043,7.131564404484846
19045,9.200527028530724
19047,7.643830723248167
19049,7.014967263364829
19051,6.660380541074377
19053,6.156277080121518
19055,7.606760703189184
19057,7.3668561825733025
19059,6.695726680345054
19061,7.76738008752204
19063,6.211886299236542
19065,7.138795212206408
19067,6.861675472921524
19069,6.655143772889524
19071,7.501253847767096
19073,6.80481969103405
19075,7.505621155583252
19077,7.027637636909444
19079,6.631293580152828
19081,6.002391220312728
19083,7.100230855266309
19085,7.806829502529018
19087,7.536546830676582
19089,6.612248398852981
19091,6.1540103394195835
19093,7.881342885265624
19095,8.178397535599226
19097,8.142676288281798
19099,7.642913823711917
19101,7.275044729045447
19103,8.983442598720933
19105,8.229644844067174
19107,7.757890661777045
19109,6.096328136528932
19111,7.0318571723251795
19113,8.552729381766964
19115,7.986174604780143
19117,6.260378834245804
19119,6.985389336973159
19121,6.506506143776749
19123,7.591545308802028
19125,7.092512607704944
19127,7.460406007239795
19129,7.764424727922052
19131,6.553259847507322
19133,7.8295013537902225
19135,6.461393304162496
19137,7.550162945701258
19139,8.671755774251833
19141,7.19471325496704
19143,6.8083243183974815
19145,7.191755049257648
19147,6.3939597690409276
19149,7.661836365252133
19151,6.418266089586597
19153,8.349953449913155
19155,7.98146168910375
19157,7.923625308262155
19159,6.218196414392466
19161,7.163310163589872
19163,9.438568082621995
19165,7.813663953445662
19167,7.2651594351100925
19169,7.36990894280291
19171,7.874678361464935
19173,6.494317428981977
19175,6.39509952133268
19177,6.725269840159106
19179,6.902770183612098
19181,6.703367956955286
19183,8.293790389520748
19185,6.262903810242036
19187,6.453835109853381
19189,6.074356407840762
19191,6.956893616934619
19193,8.208411639035344
19195,6.24945217728242
19197,6.284377630255288
20001,7.018070004037371
20003,6.735788785011292
20005,6.40918932695881
20007,6.260347920665522
20009,5.3259986504606305
20011,6.995524749207883
20013,6.361077276139012
20015,6.38745474983983
20017,5.796998500125226
20019,7.222462887743779
20021,7.605542809117017
20023,4.032679058314158
20025,5.833679333969078
20027,5.500034803378856
20029,5.334586765293595
20031,6.365561421411478
20033,5.692424099339284
20035,6.886377412781973
20037,7.220801104847479
20039,4.5976362800226855
20041,5.706396212590466
20043,6.981037880245557
20045,6.968297399757025
20047,5.468601474382962
20049,6.825571167661543
20051,5.294516530979322
20053,5.275206363825648
20055,5.450011690483894
20057,5.419163795282084
20059,6.652988628504619
20061,5.749126258062004
20063,5.08943381124082
20065,5.134543607165422
20067,5.3834270561423505
20069,5.494782389879864
20071,4.704047690422906
20073,6.470980741004963
20075,5.2396481638811405
20077,6.755563565227325
20079,6.289056984178144
20081,5.4659547987402295
20083,5.5894047063470484
20085,5.885250325889514
20087,6.274131822406043
20089,5.227881176600534
20091,8.297045162113259
20093,5.1859524988299395
20095,6.343057656923098
20097,5.484951379438936
20099,7.544640202242644
20101,5.196918061470792
20103,7.18768541083256
20105,5.490120958667154
20107,6.835882654122543
20109,4.868163398836364
20111,5.912410002500296
20113,5.683475374558165
20115,5.67920549266777
20117,5.708028766896164
20119,5.713341426634808
20121,7.080706169645144
20123,5.434732336099192
20125,7.476244708564513
20127,5.408176021035076
20129,4.962212136212652
20131,5.8691585569031925
20133,7.299619884928198
20135,5.382937432577
20137,4.789642332095616
20139,6.123115713011618
20141,5.346209203073276
20143,5.508755794477082
20145,5.397595608033356
20147,5.12868973783931
20149,5.692322716177609
20151,5.741695588106322
20153,4.297144203552191
20155,6.172049893720008
20157,5.406272773256392
20159,5.468651747376048
20161,6.105419486640335
20163,5.28639231983746
20165,5.354493282915923
20167,5.36340299919423
20169,5.972721247899222
20171,5.0446954526701715
20173,7.373972005884627
20175,5.906556279281112
20177,7.35798028951853
20179,4.729187770157941
20181,4.178639906297336
20183,5.163022804976268
20185,5.711220465338679
20187,5.096019260746644
20189,5.219475861945576
20191,7.0336805841204635
20193,4.424901305381679
20195,5.214194935744134
20197,5.605105139654318
20199,4.72160825312465
20201,5.452301780443483
20203,4.807384785666445
20205,7.1194987425842555
20207,6.8134292717313345
20209,8.876466298142955
21001,7.993553946628519
21003,8.02911752814623
21005,8.472033020391475
21007,8.901894530392507
21009,8.378751451532285
21011,7.937583320196042
21013,6.57116450711578
21015,9.776758567696593
21017,8.195170913247697
21019,8.32260284036207
21021,8.019032868457602
21023,8.274701328246305
21025,7.432774265650233
21027,8.432346871333541
21029,9.523929913219256
21031,8.72384211638734
21033,8.293094480345806
21035,8.226222370175083
21037,10.816464787293816
21039,8.83858227433044
21041,8.83074123807407
21043,7.112144469824658
21045,7.545252248818012
21047,8.618599372074936
21049,8.432574119805917
21051,7.684617669525188
21053,7.757330232493412
21055,8.27990568972222
21057,8.284378289314361
21059,9.724484456750677
21061,8.383797194234576
21063,7.21772607358532
21065,7.6262033277803045
21067,9.280370506813657
21069,7.705625715807966
21071,7.459869116060018
21073,10.08864088867604
21075,8.895244071875926
21077,9.06502821797668
21079,8.139737173331712
21081,8.17934061445651
21083,8.4883246320074
21085,8.352936251046597
21087,8.155525790170477
21089,7.9628012453978725
21091,9.012992246757884
21093,8.730872111736602
21095,5.8001643995999945
21097,8.182707875859524
21099,8.16738310963196
21101,9.875573199315754
21103,8.255774512567799
21105,8.934816875943204
21107,8.727613533078896
21109,6.940069624262215
21111,10.828311411479223
21113,8.62144464521392
21115,7.690940404517372
21117,10.84419214658573
21119,6.963283870583337
21121,7.566790848335621
21123,8.035800209905691
21125,7.730343891240641
21127,7.45311408067568
21129,7.7644887786153065
21131,7.0117411415649356
21133,6.594644917201225
21135,7.206435507399786
21137,7.501320731219342
21139,8.438652238902078
21141,8.435539308112158
21143,8.326897318789657
21145,9.409276974384463
21147,7.41171169948512
21149,9.466367904947344
21151,8.254284540819066
21153,7.28262001071911
21155,8.274593681208021
21157,8.45303396911386
21159,7.674661456445747
21161,8.048330153378636
21163,8.696125019882476
21165,7.0676191559989405
21167,8.433219728075917
21169,7.812249896361429
21171,7.887053971197902
21173,7.909180931196374
21175,7.32011246554041
21177,8.865410389167238
21179,8.806629701877483
21181,7.8819454896970385
21183,8.919780943689952
21185,8.92788391468569
21187,8.462023436751663
21189,7.43143405648208
21191,8.693483324479534
21193,7.445251075937868
21195,7.248144876403742
21197,7.642329338675689
21199,8.18042037651493
21201,8.001223397731644
21203,7.201045685921892
21205,7.264903120678258
21207,8.100362652785499
21209,8.095203249476587
21211,8.58922042957713
21213,8.623226302110574
21215,8.76682351897102
21217,8.40151150570864
21219,8.48266524816194
21221,8.29964103633522
21223,8.486117468540787
21225,9.250589655629009
21227,8.890902392473361
21229,8.46152260308499
21231,7.871204940864862
21233,9.114982566874883
21235,7.644960836591243
21237,7.16442964217916
21239,8.56022835953463
22001,8.613133149655432
22003,7.957322069595678
22005,8.533377945306707
22007,8.033145298387646
22009,8.186339447803398
22011,7.773198223437444
22013,7.3372791228006
22015,7.718084717271419
22017,8.396373557516393
22019,8.80608764466357
22021,7.60020162439543
22023,8.232070686567791
22025,7.982377895220973
22027,7.166950041384024
22029,8.32161766475627
22031,7.238003449277184
22033,9.385591880215358
22035,8.141970405844106
22037,7.753990454291784
22039,8.262268280015762
22041,8.143583201000284
22043,7.759916581395169
22045,8.460028853716576
22047,8.42598549685787
22049,7.639896305726445
22051,8.959361325692637
22053,8.464785205687198
22055,9.177397392476987
22057,7.845101647056188
22059,7.698143922460292
22061,7.785964086222012
22063,8.26416169585697
22065,8.486133902320903
22067,8.130899845796133
22069,7.774852995133273
22071,9.191532467311443
22073,9.220244630478902
22075,7.642985100351469
22077,8.466057024104021
22079,8.33345727085414
22081,7.516631684692809
22083,8.167413539806063
22085,7.298336730460392
22087,8.293541808803905
22089,8.005544526694107
22091,7.689088750614924
22093,8.43575817930025
22095,8.633384393122604
22097,8.660882277996015
22099,8.564124848222091
22101,8.653942819943532
22103,7.824625471454993
22105,7.995408296281558
22107,8.127455330465981
22109,7.918321032339203
22111,7.410849739964161
22113,8.442089213479765
22115,7.531199011462815
22117,7.77703703341154
22119,7.455220167183453
22121,8.567526241092049
22123,8.151327509777676
22125,7.972970155758392
22127,7.653986516430146
23001,4.914341583354796
23003,3.3831330988827304
23005,5.173702584889972
23007,3.904173001631482
23009,4.190035495273117
23011,4.7598412138033215
23013,4.252115305035696
23015,4.475375916118076
23017,4.24886032032052
23019,4.363210772244848
23021,3.81014987537975
23023,4.5947650381113
23025,4.424530808167208
23027,3.903713919404276
23029,3.73731413679988
23031,4.974650008503514
24001,8.341665449509954
24003,9.496899638658695
24005,9.351791674518505
24009,8.570267604820263
24011,8.881042176636928
24013,8.893733137025425
24015,9.716748155135283
24017,8.402994225941388
24019,8.808178112491824
24021,9.091861897997793
24023,6.227326087523732
24025,9.567370899901732
24027,9.203328413170599
24029,9.38934448179381
24031,9.18319080231567
24033,9.522343209978882
24035,8.962221776624038
24037,8.417479122809556
24039,8.67225436563666
24041,8.909296301628853
24043,8.913153047779838
24045,8.797617574182429
24047,8.942174631744194
24510,10.151056760574852
25001,5.50192072170534
25003,5.256789750276928
25005,6.238386046558074
25007,5.670374685955496
25009,6.623535081587863
25011,5.543103354941894
25013,7.267580743381724
25015,5.963946721104987
25017,7.1484537016958045
25019,6.334411767183566
25021,6.85352839391368
25023,5.885538380690022
25025,7.720627142509352
25027,5.911224557083925
26001,4.8797696493538485
26003,3.966294178641886
26005,7.532031870474022
26007,4.8439804966596665
26009,4.96731402515965
26011,6.12006794992935
26013,3.691845613345838
26015,6.937298591054082
26017,7.069988617672348
26019,5.407549767857472
26021,8.77151765292378
26023,7.637731733313538
26025,7.7044895465633445
26027,7.866590770217064
26029,5.135840046150908
26031,4.626357358656698
26033,4.2109457671695285
26035,5.553889551685334
26037,7.198965737747211
26039,4.318251397072004
26041,4.875900022278776
26043,4.4282693644032225
26045,7.461257121756212
26047,4.758156907040498
26049,8.185308546480787
26051,5.93565710469664
26053,3.9313149276151016
26055,5.316725361577662
26057,6.852186560480838
26059,7.3267953869674685
26061,3.579075555715966
26063,6.934398777817973
26065,8.218873085828948
26067,7.0030303201710895
26069,5.63043377348342
26071,4.112111785137126
26073,6.8826615636068125
26075,7.380327842469737
26077,8.318406629636698
26079,4.76974449177143
26081,8.170812855128132
26083,3.026149733068342
26085,5.470589055525906
26087,6.717131436649102
26089,5.252671765687149
26091,7.877660620646168
26093,7.18234625927556
26095,3.9441526779902096
26097,4.370565116016418
26099,9.429440107579332
26101,5.964818598910606
26103,3.761670284054678
26105,6.166058523546662
26107,5.700005788008744
26109,4.983981850555102
26111,7.490392584495412
26113,4.923080835117392
26115,8.432395648979764
26117,6.319512421661765
26119,4.523379839004909
26121,7.110746543832315
26123,5.997787046261764
26125,8.529210767788022
26127,6.298923740454091
26129,4.930850212967514
26131,4.161001885348582
26133,5.22904575211868
26135,4.310823291301306
26137,4.359913738440044
26139,7.7487501036612105
26141,4.526852844442514
26143,4.8659465021148645
26145,7.892206629634967
26147,8.135055624559156
26149,7.850122665373979
26151,6.9897984342510995
26153,4.333878099566275
26155,7.092881763248021
26157,6.901671192764525
26159,7.675794791020993
26161,8.074118244069078
26163,10.17954003822297
26165,4.759264847842806
27001,4.6777214488805905
27003,6.9257958218724625
27005,4.420775819928794
27007,4.245928351582194
27009,5.482913034382016
27011,5.44526394900381
27013,6.666990561113356
27015,6.215803506331914
27017,4.752477292491973
27019,6.42664728980651
27021,4.43403427142854
27023,5.614236840852574
27025,6.023057950609804
27027,5.341763514641074
27029,4.118188578844148
27031,2.64670807431773
27033,6.054647643541214
27035,4.770477007630833
27037,7.209306320893243
27039,6.050798942283908
27041,4.990313857443754
27043,6.221750323128122
27045,6.207637970894955
27047,6.1808976271083775
27049,6.288196040308231
27051,5.319110933895201
27053,7.602021452086274
27055,6.144217752893832
27057,4.1751678986797724
27059,5.9742867282317595
27061,4.272744665485979
27063,6.371613395374572
27065,5.538099501153308
27067,5.603238056163242
27069,4.4586558732843145
27071,3.8241987330457476
27073,5.517140817281861
27075,4.064102152107296
27077,3.5984885782824465
27079,6.321350258079818
27081,4.9971575525188054
27083,5.671168051189774
27085,6.062104146363337
27087,4.226890680355789
27089,4.393424936615392
27091,6.168647726629667
27093,5.67906346312121
27095,5.44061767351024
27097,5.141198814834026
27099,6.1634746505085305
27101,5.8082485218506505
27103,6.3080645495840475
27105,6.057828282452986
27107,4.638419730631572
27109,6.583698649215515
27111,4.837803781213866
27113,4.395499495537598
27115,5.210062287928222
27117,5.666910845525704
27119,4.467535561395154
27121,5.292488848359096
27123,8.197523421583197
27125,4.476829339429516
27127,6.009865158109612
27129,5.786459500204605
27131,6.213506103317506
27133,6.346484563141044
27135,3.9703518082984077
27137,4.328792569708004
27139,6.505111073080668
27141,5.926198376544166
27143,6.118083465115214
27145,5.954763437090246
27147,6.221615295183058
27149,5.366183277687136
27151,5.577927109688566
27153,4.917987608613644
27155,5.393453172661498
27157,6.033949121149294
27159,4.6710882075890705
27161,6.281849085440053
27163,6.98635361008341
27165,6.2930777967911
27167,5.182494827408756
27169,6.3114466838947
27171,6.502379322759582
27173,5.700541408483057
28001,8.238696524287226
28003,7.801107818852373
28005,7.291130785471442
28007,7.372463290717894
28009,7.211028407556656
28011,8.475801684086154
28013,7.599466889620563
28015,7.505294160687159
28017,7.853259045049896
28019,7.23233032829207
28021,7.652198269315503
28023,8.003523217016795
28025,8.228792966750708
28027,8.667890816654705
28029,7.445750287331554
28031,7.52315571861263
28033,8.556966110056248
28035,8.7479513549725
28037,7.329361355661912
28039,7.8452007372566275
28041,7.989695639651532
28043,7.870216999240478
28045,7.8168065192348255
28047,8.529691424150851
28049,8.818403651469595
28051,7.798532223128771
28053,8.228895745608622
28055,8.194265066521307
28057,7.887193501899967
28059,8.21305636467359
28061,7.788952313904597
28063,7.510107597333322
28065,7.400238373339626
28067,8.201692825949767
28069,7.87620849818388
28071,7.586116991343305
28073,7.489795647325749
28075,8.332140566909251
28077,7.525148831016844
28079,7.389541578674978
28081,8.23540927370368
28083,8.533154973604393
28085,7.5415660506196005
28087,8.45496613826756
28089,8.338774577174325
28091,7.428866757081446
28093,7.321630070655703
28095,8.083083131343956
28097,7.285776621179579
28099,7.456449327444801
28101,7.701783728575623
28103,8.10400126972128
28105,8.195355605409762
28107,7.7677080514903665
28109,7.6041156084850385
28111,7.815308506783488
28113,7.452000668693183
28115,7.636318249167634
28117,7.782695216101158
28119,8.483977364058237
28121,8.022050800225603
28123,7.6390796998531725
28125,8.265661452032557
28127,7.583661241828336
28129,7.62446840702835
28131,7.420031033054512
28133,8.376241686721908
28135,8.289785710778828
28137,8.058097952179521
28139,7.181610721702095
28141,7.774719758095186
28143,8.689611813109472
28145,7.532118630735056
28147,7.260573361675644
28149,7.969039614727277
28151,8.334820845055672
28153,8.232642458091485
28155,7.293538872453395
28157,7.697585903447603
28159,7.320805898950518
28161,7.445254995066594
28163,7.768329353958885
29001,6.185871885108682
29003,6.629648957768223
29005,7.1549299240883055
29007,6.266984138677357
29009,6.171158205785612
29011,7.2184793442111586
29013,7.097767087756978
29015,6.1494453662484165
29017,7.343377346300161
29019,7.0086291931652624
29021,7.521467322921408
29023,8.870094599430148
29025,6.361611968995858
29027,6.038257270403566
29029,5.873386757500892
29031,8.312805296750778
29033,6.575486503558883
29035,6.333316633797018
29037,7.305064076890749
29039,6.491720277976798
29041,6.4295933617920396
29043,5.722011618692286
29045,6.618911618202846
29047,7.824408119540559
29049,6.824989474386027
29051,7.544709714646108
29053,6.4223543929639675
29055,5.601361098978513
29057,6.536226957415789
29059,5.765193613132015
29061,6.240294893776718
29063,6.52187933640985
29065,5.359291992256942
29067,5.373724645238216
29069,9.188363212058443
29071,6.427091687534568
29073,5.83930794900477
29075,6.414297898736616
29077,6.997030880222196
29079,6.255204002441945
29081,6.08955282001112
29083,6.944197396270274
29085,6.028305102139674
29087,6.938570213853822
29089,6.403475413895812
29091,5.548084862233968
29093,5.805796992354538
29095,8.667937458374592
29097,7.44967888549705
29099,7.362199166895444
29101,6.957150280119194
29103,6.3893334425064845
29105,5.358522244638516
29107,7.076053752018676
29109,6.434566390515272
29111,6.676530511521077
29113,6.655964203873388
29115,6.237613477607202
29117,6.389056244805716
29119,6.773672719335522
29121,6.209066843756643
29123,6.375695044815198
29125,5.672245216635964
29127,6.8629073649052454
29129,6.018842904842598
29131,5.887634839416028
29133,8.923941256165431
29135,6.272675771205032
29137,6.465018275610406
29139,6.058931087909706
29141,6.024261244715138
29143,9.28091365661338
29145,6.8618099170093005
29147,6.618582894677492
29149,6.196480747534384
29151,5.9252441275280905
29153,5.646938644897278
29155,9.17491487324134
29157,7.968523003511312
29159,6.72793591732772
29161,5.954460535777816
29163,6.578016354962673
29165,7.472883794671098
29167,6.2152396397617355
29169,5.553599313813316
29171,6.12727060499447
29173,6.673184436468588
29175,6.239332701046046
29177,6.990122567739393
29179,5.74676899994866
29181,7.398234899178244
29183,7.762561999980344
29185,6.576166340984804
29186,7.222475250553634
29187,6.182969495954914
29189,9.781559238935234
29195,6.660160087767656
29197,6.19684993582068
29199,6.494730072988254
29201,8.877709954745745
29203,5.707473082101622
29205,6.550715665963426
29207,8.882277824513071
29209,6.06375731905243
29211,6.092990735440148
29213,6.057393311642376
29215,5.114137840842988
29217,6.973802815769012
29219,6.396606661699536
29221,6.01528841777231
29223,6.863874565977808
29225,5.29232778561898
29227,6.137686239572832
29229,5.08938840469882
29510,10.753899413833995
30001,4.02666840912143
30003,3.8745423347173236
30005,3.132255154021702
30007,4.685965134587478
30009,4.593788860809826
30011,3.3733593275485263
30013,4.434034451778229
30015,3.7291564839094598
30017,3.439704926184672
30019,3.3803660588925637
30021,3.024702723164996
30023,4.043318058639744
30025,3.0960232173210462
30027,3.215235874404084
30029,5.707651859539868
30031,5.422977874647588
30033,3.073535783633012
30035,2.38362285150304
30037,3.367624383521816
30039,4.6154259399666255
30041,3.2863345469948997
30043,3.463653861624384
30045,3.176302737583244
30047,6.802264257155608
30049,5.961809268449985
30051,2.8724303263335558
30053,4.16016249075246
30055,3.135088440198282
30057,4.266493500727702
30059,3.02713348507237
30061,5.146975956397718
30063,6.891456673036444
30065,3.4716258774893243
30067,3.747817659723006
30069,3.5564832858590663
30071,3.161647073504276
30073,3.393248477056706
30075,3.4571108711950345
30077,4.875391375749499
30079,3.283024430760642
30081,6.7114544812453385
30083,3.6333936361652683
30085,3.6205042472285895
30087,3.513886875483698
30089,5.207650834739572
30091,3.837136943620186
30093,4.891724918585876
30095,3.90813694053841
30097,3.7551458080925544
30099,3.726180938156432
30101,2.978210708175742
30103,3.7025802693140917
30105,3.187253303680244
30107,4.103233071043886
30109,3.1429641715554384
30111,4.502887757439376
31001,5.333755556910399
31003,4.760837472382956
31005,3.359298332649588
31007,3.7280741861872158
31009,3.5075886554396503
31011,4.911787056896737
31013,3.57210544177521
31015,4.184105384572302
31017,3.344961740153316
31019,4.87924738563458
31021,7.729077064424565
31023,6.384282443346188
31025,7.028751469031294
31027,6.141695895729506
31029,3.76351251358109
31031,3.4404019964650976
31033,3.5494128606333737
31035,5.2503170378791095
31037,6.747656752783475
31039,7.252356414988412
31041,3.9409017461978246
31043,7.867395576337503
31045,3.813973204024638
31047,4.319141768173658
31049,3.600374243136282
31051,7.011189754410016
31053,7.521297025627243
31055,8.716944854599562
31057,3.9504283628545096
31059,5.762447222098692
31061,4.849106160472312
31063,4.154734073643986
31065,4.750181128542797
31067,6.012326723456484
31069,4.003959487491826
31071,3.6658718651475297
31073,4.38254643505428
31075,3.338118759900972
31077,4.435684740495242
31079,5.330189632892046
31081,5.159543096611448
31083,4.784153260597946
31085,3.882785425154792
31087,4.26851322012325
31089,3.8827056631748498
31091,3.3515538054330145
31093,4.804219893782806
31095,5.852830483689296
31097,6.1217553678519465
31099,4.827800644240128
31101,3.834058085228532
31103,3.6392303815095657
31105,3.370663200513532
31107,5.077321785874966
31109,6.918511854281808
31111,3.926780542006116
31113,3.436809697901326
31115,3.6317812605552
31117,3.3879675750370337
31119,6.11226923279919
31121,5.247115261512507
31123,4.0332244977639835
31125,5.201392754946354
31127,6.7997406477975035
31129,5.267665114528206
31131,6.721441680515042
31133,5.921611000022654
31135,3.6063503602518834
31137,4.594053148269942
31139,5.534511603962082
31141,6.675512170258057
31143,5.812537222032922
31145,4.56273397903695
31147,6.720939016749595
31149,3.477884359977078
31151,5.995884952209292
31153,7.647458906360194
31155,7.011967685545313
31157,5.09217262668524
31159,6.013646320166965
31161,3.6082836731149177
31163,4.591239828958592
31165,3.556217710474396
31167,6.6294499516407654
31169,5.734265036790882
31171,3.4196760944475786
31173,7.632366408834474
31175,4.26168219393828
31177,7.713571074706802
31179,6.285221315266654
31181,5.01563643366828
31183,3.952145289201988
31185,5.698001084686044
32001,6.127263525973178
32003,7.805256285434228
32005,4.7714970687889
32007,4.019300932446436
32009,4.970980071207554
32011,3.814105325039854
32013,5.170290087502204
32015,3.877503686286572
32017,4.490203261909736
32019,5.286429944428758
32021,5.0112059715778425
32023,5.164561320657734
32027,4.195607448221464
32029,4.123947120850126
32031,6.525383501283652
32033,4.089574788077075
32510,7.786582979325698
33001,4.8258530653297
33003,4.31572346287197
33005,5.017467498420286
33007,3.780995271893566
33009,4.337238053357501
33011,5.839734020525686
33013,5.055102326153974
33015,5.847353043133071
33017,5.257026102012756
33019,4.391055322263786
34001,8.102014544462534
34003,9.004393475993485
34005,8.594673027429597
34007,9.855326416283052
34009,8.732153009727293
34011,8.609698720849478
34013,9.052300380382112
34015,9.306946869385598
34017,9.608633216411926
34019,7.761055559113028
34021,8.833397622443291
34023,9.126092547876917
34025,8.430216553938862
34027,7.556350216160334
34029,8.378190256607983
34031,8.634702287443618
34033,9.440197046147802
34035,8.477924726360346
34037,6.785098496062884
34039,9.130855017887239
34041,7.705242855590704
35001,5.350950306011862
35003,2.811249493588464
35005,5.103088534785362
35006,2.82073619316516
35007,3.52984823088178
35009,4.2550153849178
35011,3.592680187635114
35013,6.07087733151618
35015,6.0879127409289735
35017,3.999243371626272
35019,3.296670958009508
35021,3.567143052489274
35023,4.9461349292250745
35025,4.7257339600884745
35027,3.3100550482233118
35028,4.69999990463257
35029,5.894784877605351
35031,3.16223199773342
35033,3.0247807636223323
35035,3.972617226001976
35037,3.8197603799834923
35039,3.577386555984652
35041,3.7641506775319358
35043,3.278438855833042
35045,3.267230428855938
35047,3.074680011546558
35049,3.854382669908612
35051,3.9093834738850837
35053,3.6047704401269707
35055,2.9282656334533597
35057,2.494406378610158
35059,3.7019866763577483
35061,3.5453143342242144
36001,7.02198951383361
36003,5.490332985834808
36005,8.895693220361357
36007,6.831808916247939
36009,5.768914534136448
36011,6.5840306010612535
36013,6.332896852792512
36015,6.8997714892712
36017,5.50389304202146
36019,4.952552251154424
36021,5.927687130022155
36023,5.519865171438368
36025,5.329702407208599
36027,6.711703953909989
36029,7.769392799992644
36031,4.523381364610474
36033,4.564121913313688
36035,5.144242232625982
36037,6.558564692593174
36039,5.396080737826822
36041,3.964506856943486
36043,5.12322984870984
36045,5.712223957912734
36047,8.74846150555344
36049,4.916977726472946
36051,6.602923572734154
36053,5.447968927057442
36055,7.661269616691877
36057,6.111904268973852
36059,8.313283766508302
36061,10.595018959473803
36063,7.502046095558576
36065,6.301247850645836
36067,7.098184166438426
36069,6.414055242347973
36071,7.002871327779144
36073,6.89562053157687
36075,5.919512229117997
36077,5.316749439388896
36079,6.4871716462394655
36081,8.562352975271839
36083,5.691861124890214
36085,8.797834594843463
36087,7.714514086783266
36089,5.236942790980254
36091,5.8040015593188325
36093,6.910756046425236
36095,5.150380106335904
36097,6.243652145415278
36099,6.936534106614586
36101,5.929699313299104
36103,8.241234785050317
36105,5.990570039578865
36107,6.7136399605361605
36109,6.423701215358759
36111,6.445280548014291
36113,4.8512099810458436
36115,5.466293437137156
36117,6.735394768116224
36119,7.683676656373436
36121,5.470685506850076
36123,6.453208218324411
37001,8.270967434403714
37003,7.371674206685569
37005,5.33342130203772
37007,8.477966015995214
37009,5.082929630049842
37011,4.785711585914922
37013,6.970480635145518
37015,7.171503256339466
37017,8.103194186350331
37019,7.680979266970039
37021,7.0117881073955655
37023,7.157744738676515
37025,8.934147842082204
37027,7.719997508069056
37029,7.135413878362537
37031,6.820666820542831
37033,7.6561915063359836
37035,8.157997680694976
37037,8.273121813504563
37039,6.771988456251103
37041,7.357996298538529
37043,6.948537091057878
37045,7.980865333965218
37047,7.805740932242865
37049,7.419788866836738
37051,9.005852981896648
37053,7.175863515663518
37055,7.070521800317022
37057,8.448080058067772
37059,7.96671980624825
37061,7.672305343767266
37063,8.964518073941065
37065,8.01146794510786
37067,8.433899799878482
37069,7.73605378542843
37071,8.464871547762764
37073,7.076124470117949
37075,6.149336925812438
37077,7.679971188876119
37079,7.998444465136574
37081,8.572795357677062
37083,7.46737662811172
37085,8.613446761495588
37087,5.3658745278542685
37089,6.535630668767586
37091,7.236385023672403
37093,8.329110667411298
37095,6.681870843995943
37097,7.955994388344382
37099,5.288148635986608
37101,8.509732186295604
37103,7.137165372136186
37105,8.687513898514121
37107,8.197671334958248
37109,7.960071036468088
37111,6.909572894736172
37113,5.385824343595326
37115,6.17317054306221
37117,7.379237280455788
37119,9.425897568270587
37121,5.749966473103404
37123,8.232100170234213
37125,8.32453391065299
37127,8.040647248579905
37129,8.133196951155098
37131,7.309199319654562
37133,7.572752871900097
37135,8.213772039533819
37137,6.797769206505743
37139,7.989116057055233
37141,7.709288008265839
37143,7.079431806936045
37145,7.520367719560286
37147,7.887108120190779
37149,7.645553616701432
37151,8.111677316443146
37153,8.504413598821424
37155,8.356604615302784
37157,7.909827902426036
37159,8.569289874170401
37161,7.88545102081963
37163,8.373108588827714
37165,8.551062614036875
37167,8.440598857567267
37169,7.5217580136849405
37171,7.41892408319525
37173,4.8109750241805544
37175,5.338037406491
37177,6.763522972815025
37179,8.614806093062445
37181,7.6622463989918845
37183,8.95021902159098
37185,7.423611379934212
37187,7.031590537102898
37189,5.223659013558388
37191,8.64134780810457
37193,7.134276625503643
37195,8.436922533904628
37197,7.6132462458337615
37199,5.95874475476748
38001,3.191484186343856
38003,4.3057108241292195
38005,4.18930573356982
38007,3.4918326488148503
38009,4.738573153625172
38011,3.2137066962319722
38013,4.5227088568233444
38015,4.217572235759256
38017,5.3057935763626585
38019,4.079326067685026
38021,4.622990291506964
38023,4.227798252115798
38025,3.776002785260134
38027,4.110986057572434
38029,3.95466554171403
38031,4.138187397908982
38033,3.223587192495394
38035,4.740556820558184
38037,3.4328732052683497
38039,4.1842011581120655
38041,3.2435348791689256
38043,3.850353359623906
38045,4.299508869045196
38047,3.7391096630353458
38049,4.632209245351033
38051,3.783591155052028
38053,3.820352119582508
38055,4.271001710537829
38057,4.01662998678285
38059,3.611865467691114
38061,4.331018393872786
38063,3.8670619293734183
38065,3.9316652821427858
38067,4.509755931269202
38069,4.4180307511315835
38071,4.246360990843836
38073,4.638211684510584
38075,4.641800863682986
38077,5.149553054948804
38079,4.270654016159645
38081,4.90974494405065
38083,3.9849853728439144
38085,3.8774517725120603
38087,3.250726536165984
38089,3.4923297470209915
38091,4.0705962428058715
38093,4.349956716706292
38095,4.564159956204076
38097,4.402526981645998
38099,4.189682071781911
38101,4.809555541296746
38103,4.011845499078168
38105,4.265235715913314
39001,8.009294552308905
39003,9.028957611160873
39005,7.524948988476282
39007,7.900125946724304
39009,7.592807561034102
39011,8.878678099895165
39013,8.432460721977346
39015,8.835632111524331
39017,11.160007913091302
39019,8.013577571489673
39021,8.31840190485802
39023,9.190046172327914
39025,9.811126107647793
39027,9.256847860604518
39029,8.211036326345027
39031,8.279417029863925
39033,8.245792258705567
39035,9.925840523545
39037,9.155541309835296
39039,9.194012131030707
39041,8.628539537762254
39043,9.045537939839587
39045,8.12197139286245
39047,8.981187712657103
39049,9.801365397754179
39051,8.456255758202554
39053,7.664421599187078
39055,6.716435090906114
39057,9.90869635948113
39059,8.018064956482181
39061,11.27621164962472
39063,8.684882251691501
39065,8.484713606487576
39067,7.99169053636827
39069,8.811040591367632
39071,8.620046969253238
39073,7.373949781231046
39075,7.789043027382519
39077,8.336564010705892
39079,7.646268444279196
39081,8.789083178642546
39083,7.6454572527560645
39085,9.02916099286291
39087,7.519531532829758
39089,8.053153167372288
39091,8.24553478748945
39093,9.043459800226296
39095,10.264273022405298
39097,8.984627379283209
39099,8.925436557776456
39101,8.661482700001923
39103,8.00883062054952
39105,7.579360703366866
39107,9.27572390621459
39109,9.508335103613746
39111,7.732374429018881
39113,10.672118526646454
39115,7.679856432392812
39117,7.799913809793841
39119,8.264018199860978
39121,7.794705949098936
39123,9.054521331637265
39125,8.966076335398151
39127,7.692459541938644
39129,8.89792702721071
39131,7.87924811061435
39133,7.997613420695568
39135,9.719374710446624
39137,8.793455593706794
39139,7.926186082293638
39141,8.168504227396156
39143,8.869339628211623
39145,7.768865144757514
39147,8.551204429953378
39149,8.837381104378405
39151,8.891395808620207
39153,9.203538309160711
39155,8.344627072442522
39157,8.250867117496954
39159,8.974283664395015
39161,9.173872987967098
39163,7.367111837477163
39165,10.474312997129573
39167,7.790862576604566
39169,7.91046363338252
39171,8.507702741870192
39173,8.931256480127878
39175,8.54108840451096
40001,6.839203515766371
40003,6.80208474941752
40005,6.964110269756989
40007,5.62937101735565
40009,5.758568266751922
40011,6.198918133576668
40013,7.71751446130461
40015,5.938214303217226
40017,7.019810511579176
40019,7.24234492137338
40021,7.2845305629707635
40023,7.4566627620131385
40025,4.584172550614225
40027,7.56751615517644
40029,7.226818653998526
40031,6.599944382483569
40033,6.377106653518364
40035,8.150546856845596
40037,7.691637777745351
40039,5.662656801747213
40041,7.503069865486291
40043,5.441616452893902
40045,5.811616545352441
40047,7.238376024292637
40049,6.964933522761532
40051,6.685943081016175
40053,7.123214554799776
40055,5.826974973490234
40057,5.748609426914224
40059,5.8559705250508
40061,7.774426915927762
40063,7.226271776554003
40065,6.287223355401986
40067,6.8962610581607064
40069,7.05363761339291
40071,7.58482554640465
40073,7.1550838416999145
40075,5.82394333466186
40077,6.883134083279382
40079,7.120991427879995
40081,7.195974562832886
40083,7.122042086585042
40085,7.25023062335211
40087,6.832691892086137
40089,6.933596125095592
40091,8.017910210007281
40093,6.508481201142575
40095,7.54858916253948
40097,8.386787043481203
40099,7.0979945002550675
40101,8.297049966482103
40103,7.536711576188769
40105,7.999025250999265
40107,7.3641717886338585
40109,8.292366816124677
40111,7.7730928200524305
40113,7.633686362835585
40115,8.209804823806817
40117,7.522986427729393
40119,7.871963230539242
40121,7.65144562205995
40123,7.019808026522712
40125,7.259535091716811
40127,6.717982437667475
40129,5.521586201129444
40131,8.742723126665297
40133,7.2723338595033145
40135,7.531975979541386
40137,6.974762554047582
40139,5.30208878277001
40141,6.068388880128284
40143,9.192805389260855
40145,8.67830712943985
40147,8.459960771312751
40149,5.6284797009095
40151,6.377422548125298
40153,5.992017145293896
41001,3.953933813630244
41003,3.9565133442015865
41005,4.801140411055318
41007,2.985573914366742
41009,3.900864417044658
41011,2.530102214983148
41013,3.0469035103048396
41015,2.474272028336728
41017,3.8135522736272898
41019,3.3387214913913206
41021,4.716927617331312
41023,3.387220591802682
41025,3.82760068403339
41027,2.77391540656476
41029,4.832632737832512
41031,3.1119445162273522
41033,3.9427342509020464
41035,3.848941161311624
41037,3.378943310261178
41039,3.597759053670162
41041,2.756948643885666
41043,3.7526913551994463
41045,4.832395487854602
41047,4.6911527160417155
41049,4.59313760596822
41051,6.439665672387088
41053,3.4971825746440417
41055,4.462279123106196
41057,2.856851342397492
41059,4.55925329799911
41061,3.4488969297501897
41063,2.8937433175643763
41065,3.57560742394569
41067,4.897933268237984
41069,2.549705556191944
41071,3.5308532383318663
42001,9.037524389147567
42003,10.391308808923888
42005,9.235843798485892
42007,9.21059831690126
42009,7.6667422304769985
42011,9.903363965651653
42013,7.875500316687744
42015,7.0488462611483245
42017,8.435945166056234
42019,8.306949709521742
42021,6.91846251494402
42023,6.142397883044488
42025,7.6318061252963805
42027,7.402776000139194
42029,9.45061792758397
42031,7.248384705894033
42033,6.929660654196217
42035,7.933894195309536
42037,8.553530803133773
42039,6.796312652925836
42041,9.832887272846465
42043,10.488624038623138
42045,10.022749873541489
42047,5.95297464012058
42049,7.853846755085118
42051,9.289835266459685
42053,6.389807010303726
42055,8.416585407130757
42057,7.891266848111653
42059,8.859761896852799
42061,8.033584889652202
42063,8.631319803545187
42065,7.344133526012958
42067,8.940019015009247
42069,7.832383097216466
42071,10.508901668565354
42073,8.805518966147064
42075,10.57271762303662
42077,9.542673159535541
42079,8.39224293190627
42081,8.29240267138974
42083,5.570038640925624
42085,7.886223123678194
42087,8.843190827657292
42089,6.95597178489853
42091,9.511449378340238
42093,10.139284402442344
42095,9.22961802510821
42097,9.321622348982332
42099,8.869376947111682
42101,10.55801993201918
42103,6.311842314885903
42105,5.366847483787446
42107,8.087426709591707
42109,9.39980100620131
42111,6.794601975264018
42113,6.090111389309824
42115,6.37942164261424
42117,6.188372235850608
42119,8.969779764821078
42121,6.849986979994638
42123,6.2548635499675544
42125,9.642739352483265
42127,5.9865335001787345
42129,10.296785484426481
42131,7.109313988161806
42133,10.007441909241582
44001,6.312650606794634
44003,6.351430925936632
44005,5.93237156863614
44007,6.7726122102327935
44009,6.107072054225742
45001,7.886682674349603
45003,8.29168892929968
45005,8.084978739040665
45007,8.20879844815076
45009,8.106533782812388
45011,8.134159540799814
45013,8.23033574550907
45015,8.054695802795086
45017,8.122079895497233
45019,8.565551725790614
45021,8.237683228196104
45023,8.114042436923679
45025,8.366442142543498
45027,8.14330824546236
45029,7.921887677194457
45031,8.609826664925729
45033,8.24880260793935
45035,8.109737015900528
45037,8.00731252944647
45039,8.11223839250807
45041,8.215231090638813
45043,8.138784688279385
45045,8.54234677913362
45047,8.252193952168417
45049,7.941892267092024
45051,8.165665760729372
45053,7.963040401025704
45055,8.501684264544922
45057,8.260547691370041
45059,7.899178072157684
45061,8.335511207894012
45063,8.856835928827858
45065,8.218492819405402
45067,7.991748872716502
45069,8.501112271307047
45071,8.214300093614725
45073,8.468687471356874
45075,8.246630750852281
45077,8.603216650747596
45079,9.378572650443928
45081,8.0219890879733
45083,8.33647645426275
45085,8.548472189030585
45087,7.99690083059245
45089,7.852278833189001
45091,8.544791029825603
46003,4.990433805143654
46005,5.871645149461952
46007,3.4484269630360744
46009,5.437735810751124
46011,5.380021256199248
46013,5.440390892272964
46015,4.991322691939328
46017,4.677322720416158
46019,4.006754926232906
46021,4.277999912857556
46023,4.994781400935246
46025,4.94508613872175
46027,6.64596742586055
46029,4.618079106703364
46031,3.6667301770106917
46033,3.2747122768379717
46035,5.751282625209916
46037,4.620306350839926
46039,4.659810491883324
46041,3.789020054953106
46043,5.131963467976968
46045,4.485229095269986
46047,4.123750276459994
46049,4.672432173541653
46051,4.96175439880474
46053,3.9628254067624957
46055,3.9328857782742537
46057,5.092084500119382
46059,4.950535171239256
46061,6.058206676978624
46063,3.2558582390284685
46065,4.52458316864329
46067,5.63398198825709
46069,4.288234850100656
46071,4.25680288970622
46073,4.667807853336361
46075,4.271055121247646
46077,5.350802746322204
46079,5.340298758163653
46081,3.061951664788452
46083,6.566253140826902
46085,4.569273875563022
46087,5.82944693936637
46089,4.1505600320247975
46091,4.599250069471834
46093,3.790973050241314
46095,4.253428663503117
46097,5.869058865037681
46099,6.9271912352820575
46101,5.701083323959066
46103,3.6856162837926716
46105,3.273608363843006
46107,4.084998425652558
46109,5.0518791252462565
46111,5.862912065643984
46113,3.9242690299795484
46115,5.702807478123818
46117,4.3503348795674155
46119,4.323644035856298
46121,3.737112872072386
46123,4.162611908803644
46125,6.197728865106198
46127,7.457476074427004
46129,4.303176283968584
46135,6.1407765303269155
46137,3.9737702439312783
47001,8.785033229131631
47003,8.352027724713322
47005,8.053174068460587
47007,6.1761417877997005
47009,9.487572026276286
47011,9.611556913886961
47013,6.646012649891894
47015,7.521232107683514
47017,7.919517795272844
47019,7.381278104442943
47021,8.267724483970772
47023,7.3147733986455705
47025,7.205381791241123
47027,8.003105684096449
47029,8.375300469825111
47031,7.9590160048772365
47033,8.46755602690275
47035,5.888720725373226
47037,9.74085924410024
47039,7.900626844026957
47041,7.965863152615427
47043,8.018218935263462
47045,9.09815748760976
47047,7.66981653151962
47049,6.210814567568848
47051,7.601280230353906
47053,8.379323917769803
47055,8.048553740477775
47057,8.13377719018851
47059,8.666427371221967
47061,5.943757050227353
47063,8.912254018683981
47065,9.419898232695994
47067,7.284027221551682
47069,7.345837846503274
47071,7.886208624531186
47073,8.13494453268694
47075,8.382269532423376
47077,7.680041680182238
47079,8.124777093100025
47081,7.850903724594241
47083,7.930023839723708
47085,8.126945765820151
47087,7.949368844987748
47089,9.128778157935155
47091,5.445551880184889
47093,9.969991720973468
47095,9.104180226283926
47097,8.60367310030701
47099,7.745599069020519
47101,7.620300080258808
47103,8.143499717895626
47105,10.116073988724077
47107,9.270825603374153
47109,7.49038530604624
47111,7.530774126657891
47113,8.108483335357757
47115,7.344878750281332
47117,7.844780583667676
47119,8.180241503651722
47121,9.417277811413442
47123,8.210944154708312
47125,9.00339045739106
47127,7.795714295856536
47129,6.934314338621206
47131,8.896477917539826
47133,7.223845558383364
47135,7.866919747721998
47137,7.57399597471573
47139,8.107911442644914
47141,7.91800287159599
47143,7.911842171287441
47145,9.457079329724092
47147,8.231706092773893
47149,8.754671516303603
47151,6.633764403529883
47153,6.589333532436184
47155,8.944253350008102
47157,9.951637487983465
47159,8.246569375162833
47161,8.145046874504157
47163,8.459581695378521
47165,8.431967758080756
47167,8.220466602015708
47169,8.095025239345498
47171,6.130618606662042
47173,8.230497187372105
47175,7.410013450372055
47177,8.201472557180482
47179,8.50131512046929
47181,7.4864651801340205
47183,8.554657848161966
47185,7.994395830171053
47187,8.395569295615942
47189,8.679895860194526
48001,7.219143079544236
48003,4.978177838710364
48005,7.496464443095593
48007,7.404707400354288
48009,6.503679449752999
48011,5.108459173682792
48013,7.684392903442375
48015,7.133874174151899
48017,4.282135620811214
48019,6.102206936069981
48021,6.959108304058629
48023,5.950978389968919
48025,7.168366910413498
48027,7.665091199112199
48029,8.910075105887689
48031,6.365066481560828
48033,5.6001099111132
48035,6.972017792625055
48037,7.711413227351537
48039,7.934835949528042
48041,8.230309782258953
48043,6.620765824671068
48045,5.166948997932816
48047,7.459522282804096
48049,6.097926446384082
48051,7.210508953692129
48053,6.52509959144911
48055,7.652960466599706
48057,6.558513918925972
48059,5.496494683347398
48061,8.75182409797511
48063,7.205142756662111
48065,5.0848195541514
48067,7.024530411770326
48069,4.726775469319136
48071,8.143127617436127
48073,7.0133818695726236
48075,5.643238573543264
48077,6.7529847686767
48079,4.123416382705036
48081,6.590607697755904
48083,5.835321655573558
48085,9.041017593730718
48087,5.36267828726501
48089,7.126254475671142
48091,7.88906854081876
48093,6.01492064827455
48095,6.613535810151627
48097,7.927717976812628
48099,6.8451414918791995
48101,5.459999942779542
48103,6.155245986051478
48105,7.9325961791442055
48107,4.912326183578558
48109,5.809056701540884
48111,4.51868306957488
48113,9.656925151247993
48115,5.023299303554397
48117,4.51250312368641
48119,7.847935884740302
48121,9.216746232991861
48123,6.774266254892484
48125,4.982855843009484
48127,8.103437671289258
48129,5.0120994043620986
48131,7.2653525806867965
48133,5.64005599091064
48135,6.06854842108891
48137,6.867779568146328
48139,8.57433560517431
48141,8.453316090583154
48143,6.3955550217162465
48145,7.399076932603997
48147,7.804694976738531
48149,7.135460151058092
48151,5.616600627607174
48153,4.837176846269596
48155,5.676955043549352
48157,8.271543501239828
48159,7.374616491945048
48161,7.305934516661617
48163,6.9619197799512715
48165,4.671904080956622
48167,8.79655667217853
48169,5.525126066887494
48171,5.761766482045882
48173,6.3199166411385255
48175,6.752780806118672
48177,7.2725100882384455
48179,5.476009966375794
48181,8.117027366995192
48183,8.054592211738846
48185,7.248057986247882
48187,8.36321478923901
48189,5.283998962141032
48191,5.4202108326235905
48193,6.156247650343734
48195,5.388584871748092
48197,5.762670111343174
48199,7.801540204693185
48201,9.870217633183351
48203,7.233152122318802
48205,4.661945835474536
48207,5.6847145898206906
48209,7.545843030550432
48211,5.887870368090544
48213,7.34054680576489
48215,9.155129108653265
48217,7.780975240179082
48219,4.759646957947831
48221,7.374252775161904
48223,7.6570911733063625
48225,7.1268915222982585
48227,6.368413364010306
48229,5.627377684936404
48231,8.30165677609433
48233,6.062190333068436
48235,7.536565595066849
48237,6.082865832004388
48239,6.7417525882694465
48241,7.466069378187778
48243,4.8878454488768295
48245,8.59928566231576
48247,7.726077086074815
48249,7.472889852131002
48251,8.334992247180992
48253,5.748725690561138
48255,7.350589730923017
48257,8.313243903075247
48259,6.978452243800485
48261,7.5072154047588
48263,5.43350990132356
48265,6.190610532012149
48267,7.07427938116476
48269,5.644770012139958
48271,8.899082018695827
48273,7.772921260795679
48275,5.748746685803072
48277,7.756338102914684
48279,4.745408776340549
48281,6.460099336136494
48283,7.644347996254386
48285,6.857845252079434
48287,7.063473156613751
48289,6.9791704635305365
48291,7.8628267190487815
48293,7.262625557357498
48295,5.826184683667954
48297,7.674655099726474
48299,6.570630793389496
48301,5.852744763864054
48303,6.030312026212821
48305,4.865990201326746
48307,6.0323707015758075
48309,8.120721795922856
48311,8.16775324518065
48313,7.387452665385686
48315,7.1045583396304695
48317,5.377426026653684
48319,5.852281769615073
48321,6.591482554355134
48323,10.387386540973853
48325,7.204728175290756
48327,6.112459026803954
48329,6.661610371896577
48331,7.289788490653832
48333,5.834625313034494
48335,6.104236756477012
48337,6.9433928392730975
48339,8.235150024104374
48341,5.0644534442712175
48343,7.189837838498628
48345,5.229887147324019
48347,7.177918088443856
48349,8.03270283518657
48351,7.623149774803943
48353,5.7863213501005815
48355,8.091380213947804
48357,5.377479577004154
48359,4.880407301358558
48361,8.323249118226737
48363,6.534510675784584
48365,7.10318900286744
48367,7.425205882700898
48369,4.444726087387266
48371,6.980518364372024
48373,7.40962771813295
48375,5.993137554604886
48377,7.972035621942548
48379,7.668032444407156
48381,5.2318360619359074
48383,7.133254459763094
48385,5.884818006201548
48387,7.423255629695744
48389,6.294694080662186
48391,6.780831440738848
48393,5.832347102992792
48395,7.387076204061718
48397,8.753271649577325
48399,6.29107078667163
48401,7.045904344753401
48403,7.332307819313614
48405,7.195764850517276
48407,7.775208498239311
48409,7.187402847118795
48411,5.764013161012538
48413,7.088548042117141
48415,5.843377372251304
48417,5.914818658240676
48419,7.1440391232968725
48421,5.059893918470742
48423,7.609470482439886
48425,7.5725341681482945
48427,8.32538316091493
48429,5.823612339438642
48431,6.833334304059605
48433,5.687159283087384
48435,8.092291022204128
48437,4.791907231535376
48439,9.338311734107162
48441,6.37808971496227
48443,7.771641257264858
48445,4.520874557083066
48447,5.9863641806828785
48449,7.8009272424639615
48451,7.606598871872448
48453,8.635371950164373
48455,7.368691122675314
48457,7.3685905470602675
48459,7.139979370746538
48461,6.715404320264776
48463,6.7805917756077845
48465,10.925138469470062
48467,7.4942453560397935
48469,7.11832846224717
48471,7.7426460872668965
48473,7.331223812904552
48475,5.95427685012411
48477,7.611906933318551
48479,9.0826288515529
48481,6.818089465818474
48483,5.4080585367395475
48485,7.4007367020840436
48487,6.274822155890526
48489,8.086654029761377
48491,7.545544059959194
48493,7.580394219834955
48495,5.433788226601417
48497,7.74596072146976
48499,7.2866710424046035
48501,4.48120612414487
48503,5.9823775060249815
48505,8.642413760601464
48507,7.29323111585933
49001,4.382043575042558
49003,5.518306512221246
49005,6.410978058506939
49007,4.34482502379448
49009,3.5862606853573182
49011,6.666991985144972
49013,4.557033167598906
49015,4.444343155660226
49017,3.2478076613255724
49019,4.170956946693164
49021,3.605394332242942
49023,4.6317170553121105
49025,3.003721247281414
49027,4.893593089721234
49029,3.618011276401598
49031,4.474174309382212
49033,3.592443737227332
49035,8.210324726260469
49037,3.3710887953794164
49039,4.66387792019178
49041,5.2646992320811865
49043,4.567723761521156
49045,4.076038441972154
49047,6.052364280196057
49049,6.734199339647086
49051,3.744328666719994
49053,5.226954706195602
49055,3.090260935639444
49057,6.967594545444877
50001,5.300882182315142
50003,4.32842349059098
50005,4.968753407472354
50007,6.5128167774642165
50009,4.212854142659488
50011,5.66242095337389
50013,6.2290139876863275
50015,4.419972044739712
50017,4.502621394566952
50019,4.540372527294442
50021,4.685456666563654
50023,4.652362882354198
50025,4.994158634699337
50027,4.737638441801976
51001,8.654831632780652
51003,7.005300664995031
51005,6.409324285686495
51007,7.0558369389816225
51009,6.492067684378301
51011,6.465989231875459
51013,9.484955529203232
51015,5.89635217799068
51017,5.511698022030638
51019,6.35975770375237
51021,5.270814834406532
51023,6.19520164616217
51025,7.1193713782269015
51027,6.428240079793897
51029,6.900453340558888
51031,6.6863772417732275
51033,7.569276278167257
51035,5.451133676532816
51036,7.4995316924569595
51037,6.819794564086152
51041,7.950360167530926
51043,7.730967933379496
51045,4.993320954666577
51047,7.690502705264713
51049,7.009149724860808
51051,6.511981065723644
51053,7.175574901155912
51057,7.704100915237352
51059,8.853398954247165
51061,7.588064334155502
51063,4.5419649947168015
51065,7.2196130137445165
51067,6.565794893372595
51069,7.656595854658721
51071,5.760030968667314
51073,7.70662980726623
51075,7.32834665430214
51077,4.902105199681801
51079,6.624150862501378
51081,7.371123113328731
51083,7.244096977054776
51085,7.576212664494671
51087,8.30391874101236
51089,7.374339435220046
51091,4.772489294693252
51093,7.584738173770921
51095,7.638243416348672
51097,7.502670821417878
51099,8.139950347037294
51101,7.6495113115215805
51103,7.854399322007085
51105,6.493448142962788
51107,8.611482413702095
51109,7.12030845836261
51111,6.820271577930191
51113,7.09778819734643
51115,7.9387069056914426
51117,7.300589049712921
51119,7.652697533869286
51121,5.887791346329566
51125,6.191994521395192
51127,7.523589939259691
51131,8.436793717524404
51133,8.02943690248323
51135,6.92198374270164
51137,7.296631937106677
51139,6.233828167216826
51141,6.0382051876069
51143,7.119582420631734
51145,7.166916089646269
51147,6.859765218468011
51149,7.612504378369172
51153,8.41378719684175
51155,6.068015516367626
51157,7.070973547426265
51159,7.818631339382291
51161,6.227396292407902
51163,5.700439063882756
51165,6.259322015785426
51167,6.09639761524258
51169,7.209173151189907
51171,6.775870740079505
51173,5.90125013122457
51175,7.329753059728597
51177,7.570833029323625
51179,8.009327801756642
51181,7.3542097641597675
51183,7.270992028524778
51185,5.717433849166956
51187,7.233602632022728
51191,7.011328944842442
51193,8.031383443362722
51195,6.0208450551934405
51197,5.816262112069438
51199,7.863458473590532
51510,9.504619312052434
51520,7.70459997844696
51540,7.780000066757199
51550,8.314528074265407
51590,9.059999847412112
51600,8.739999961853027
51610,9.0816667397817
51630,8.863733361562094
51650,8.651107591627973
51660,7.519999965031941
51680,7.03970265638102
51683,8.887777798705631
51690,7.679999923706056
51700,8.313846583679828
51710,8.834066486315331
51730,8.360000038146975
51735,8.165837194564011
51740,8.602391893493818
51750,7.222666761080424
51760,8.758271939120835
51770,8.304040704681078
51775,7.6800000190734865
51790,6.419999980926514
51800,7.634546920537313
51810,8.627610348072213
51830,7.927500069141392
51840,8.490800020217893
53001,4.39532334282049
53003,4.29926565434394
53005,5.493330944116748
53007,4.868251779848822
53009,2.661224978519844
53011,5.6775754553372755
53013,5.056992041146328
53015,3.7996953140592296
53017,4.514920800183394
53019,3.961999436549714
53021,5.268423296341014
53023,3.5715308322660784
53025,5.1409526607007745
53027,3.02207536541529
53029,4.4565857583864
53031,3.347686969012822
53033,5.752681402749832
53035,4.447091727998112
53037,4.051543282258356
53039,4.367847883010713
53041,3.65055725086512
53043,4.215610619112944
53045,3.524167995345126
53047,4.171718058976026
53049,2.90043568855494
53051,3.784288053541342
53053,5.582482127487194
53055,3.893096778419524
53057,4.423179185488192
53059,4.407197972092696
53061,5.169950445913679
53063,6.452594241026944
53065,4.734025292283756
53067,4.765937490450934
53069,3.005934290011872
53071,5.328495016854286
53073,4.751701868506673
53075,4.3881831404350224
53077,5.434305986294756
54001,7.3096295490484025
54003,8.766630052688317
54005,6.9364807676071365
54007,7.3672609693184885
54009,9.574663683878494
54011,8.317526664934414
54013,7.2442801984990695
54015,7.171996526298285
54017,7.4097840180330055
54019,6.587861822234196
54021,7.303512807310784
54023,6.271333894219654
54025,5.295079465481522
54027,7.175107065187066
54029,9.511435486631688
54031,6.459524849121673
54033,8.330440367225707
54035,7.477161625995036
54037,8.8086941520276
54039,8.043336660387446
54041,7.330326259828733
54043,7.258370554170128
54045,6.871716833248176
54047,6.571570787880262
54049,8.30244116470338
54051,8.458312093326654
54053,7.717464943674794
54055,5.440510690294524
54057,7.946868404877383
54059,7.288088928894824
54061,9.01243909246694
54063,5.557716510534508
54065,7.843073644324946
54067,5.956472968280974
54069,8.443888315510005
54071,5.244357616676258
54073,7.672906349913246
54075,4.383722067417912
54077,6.9964639163871585
54079,7.629912793215482
54081,5.5740264257858
54083,5.2969437589465915
54085,7.304983579515488
54087,7.227906513455798
54089,6.179480907073796
54091,8.17835694891845
54093,5.256171301449908
54095,7.763383272610606
54097,6.571808912928385
54099,7.724756607682046
54101,5.657277539578262
54103,7.605950642911653
54105,7.26926556752125
54107,8.119781758273644
54109,6.282034258771732
55001,5.950067855525267
55003,4.6153309969652065
55005,5.298293017983296
55007,4.491213389442702
55009,7.294534498182756
55011,5.786644710251558
55013,5.254572827907446
55015,6.837805924358472
55017,5.5196912666596845
55019,5.288404886115558
55021,6.700564227640578
55023,6.3966447404156614
55025,7.868069003462246
55027,6.98239367399047
55029,5.4758872474161215
55031,4.8845506494682045
55033,5.6474932575771275
55035,6.1188317052903205
55037,4.273902244147275
55039,6.86670375752599
55041,4.200854624752744
55043,6.931290230354423
55045,7.350829618801728
55047,6.634219607401737
55049,6.615812566344776
55051,4.11176116020088
55053,5.842852229316212
55055,7.527284354111464
55057,5.943401200026016
55059,8.384947220106184
55061,6.074616210188962
55063,6.512043920163852
55065,7.362989201953106
55067,4.520331528806014
55069,5.092370276726784
55071,6.782860645026358
55073,5.47153391460741
55075,5.0200722146909795
55077,6.3567521547833525
55078,5.1294076791995105
55079,9.493669853770125
55081,6.167821549234509
55083,5.442324467487768
55085,4.851565356661569
55087,7.01977012732319
55089,7.323074324199011
55091,5.938527324675342
55093,6.0004739066143555
55095,5.4246819018488734
55097,5.58825411554694
55099,4.726090713415561
55101,8.681549034146748
55103,6.447456620260196
55105,7.883724889991546
55107,5.07018080398757
55109,5.884475347809444
55111,6.30636970556152
55113,4.804195542706804
55115,5.547615692478802
55117,7.27011485386586
55119,5.027753990794172
55121,5.735755134595236
55123,5.931566543511884
55125,4.3165620707719405
55127,7.493646638469149
55129,5.056746243286958
55131,6.98717317221242
55133,7.942243007851732
55135,5.979090630855881
55137,6.0206902793481705
55139,7.309810371160611
55141,5.598820351664226
56001,3.0872366878233803
56003,4.667067135992154
56005,3.2443062940010563
56007,3.8120871058352157
56009,3.430935130604228
56011,3.165080773122038
56013,4.41409839009851
56015,4.437683009273868
56017,3.1961373037853322
56019,3.50134032423322
56021,3.5003261950738342
56023,4.0570330309194835
56025,4.121635575261424
56027,3.4429564902363183
56029,4.024956429090114
56031,4.072720287531376
56033,4.028781009194618
56035,3.212085455182548
56037,4.394744648990033
56039,3.559616738033406
56041,4.560609055766514
56043,4.485208957834876
56045,3.04751758367735
